{"Random Forest": {"confusion_matrix": {"tn": 102, "fp": 1, "fn": 6, "tp": 32}, "roc": {"fpr": [0.0, 0.0, 0.0, 0.009709, 0.009709, 0.019417, 0.019417, 0.038835, 0.038835, 0.058252, 0.058252, 0.194175, 0.194175, 0.368932, 0.38835, 0.524272, 0.543689, 0.699029, 0.747573, 0.757282, 0.796117, 1.0], "tpr": [0.0, 0.052632, 0.842105, 0.842105, 0.868421, 0.868421, 0.894737, 0.894737, 0.921053, 0.921053, 0.973684, 0.973684, 1.0, 1.0, 1.0, 1.0, 1.0, 1.0, 1.0, 1.0, 1.0, 1.0], "auc": 0.99}}, "XGBoost": {"confusion_matrix": {"tn": 99, "fp": 4, "fn": 2, "tp": 36}, "roc": {"fpr": [0.0, 0.0, 0.0, 0.0, 0.0, 0.0, 0.0, 0.0, 0.0, 0.038835, 0.038835, 0.058252, 0.058252, 0.106796, 0.106796, 0.61165, 0.631068, 0.650485, 0.669903, 0.796117, 0.815534, 0.902913, 0.92233, 1.0], "tpr": [0.0, 0.052632, 0.157895, 0.263158, 0.289474, 0.342105, 0.684211, 0.736842, 0.894737, 0.894737, 0.947368, 0.947368, 0.973684, 0.973684, 1.0, 1.0, 1.0, 1.0, 1.0, 1.0, 1.0, 1.0, 1.0, 1.0], "auc": 0.9936}}, "SVM": {"confusion_matrix": {"tn": 100, "fp": 3, "fn": 1, "tp": 37}, "roc": {"fpr": [0.0, 0.0, 0.0, 0.029126, 0.029126, 0.796117, 0.815534, 1.0], "tpr": [0.0, 0.026316, 0.973684, 0.973684, 1.0, 1.0, 1.0, 1.0], "auc": 0.9992}}, "LightGBM": {"confusion_matrix": {"tn": 100, "fp": 3, "fn": 3, "tp": 35}, "roc": {"fpr": [0.0, 0.0, 0.0, 0.009709, 0.009709, 0.019417, 0.019417, 0.067961, 0.067961, 0.126214, 0.126214, 0.805825, 0.825243, 1.0], "tpr": [0.0, 0.026316, 0.868421, 0.868421, 0.894737, 0.894737, 0.921053, 0.921053, 0.973684, 0.973684, 1.0, 1.0, 1.0, 1.0], "auc": 0.9923}}}