{"feature_names": ["A1_Score", "A2_Score", "A3_Score", "A4_Score", "A5_Score", "A6_Score", "A7_Score", "A8_Score", "A9_Score", "A10_Score", "age", "gender", "jaundice", "family_autism"], "rf_mean_shap": [0.035849, 0.032833, 0.062498, 0.049222, 0.071408, 0.092886, 0.044957, 0.027208, 0.110464, 0.057321, 0.008654, 0.004308, 0.003569, 0.002304], "xgb_mean_shap": [0.572138, 0.744693, 1.017966, 1.017433, 1.087245, 1.134795, 0.878347, 0.643799, 1.88055, 0.73225, 0.203033, 0.020621, 0.007359, 0.027578], "svm_mean_importance": [0.094615, 0.081538, 0.087692, 0.140769, 0.131538, 0.094615, 0.114615, 0.073077, 0.123077, 0.062308, -0.01, -0.003077, 0.001538, 0.007692], "lgb_mean_shap": [0.659674, 0.991958, 1.314593, 1.471398, 1.703555, 1.256227, 1.0434, 0.86339, 1.940694, 1.07906, 0.392938, 0.080101, 0.011138, 0.084973]}